,,For Normal Equation,,For Root Square Mean Error,,
x_k,y_k,x_k^2,x_ky_k,f(x_k),f(x_k)-y_k,(f(x_k)-y_k)^2
1,0.200000000000000,0.200000000000000,1,0.63,0.43,0.19
2,2,8,16,2.54,0.54,0.29
3,6,54,81,5.71,-0.29,0.08
6,8.20000000000000,62.2000000000000,98,8.88,0.68,0.56